epoch,accuracy,loss,val_accuracy,val_loss
0,0.93548334,0.2212788404699415,0.9651,0.1065482550593093
1,0.97038335,0.09598794695896407,0.9709,0.09378744069729
2,0.97825,0.06829016775265336,0.9788,0.06726080173358787
3,0.9827,0.05259386014643436,0.9803,0.06061950289423112
4,0.98605,0.04193713133575705,0.9812,0.059551928646594754
5,0.9887667,0.035109960134211,0.98,0.06561509358617768
6,0.9899,0.02997140244655311,0.981,0.062195760116513704
7,0.99091667,0.026601692606573732,0.9818,0.06387698795528413
8,0.99125,0.02562437391803687,0.9816,0.07316942962444337
