epoch,accuracy,loss,val_accuracy,val_loss
0,0.93565,0.21880885879124204,0.9624,0.12435142585337162
1,0.9705,0.09845335592813789,0.9711,0.08762844853270799
2,0.9776833,0.06994269398177663,0.9758,0.0757011028376408
3,0.9827333,0.05381414244842405,0.9798,0.06571783267818392
4,0.9859,0.04344046158348986,0.9816,0.06367606608445057
5,0.98836666,0.036225080691363355,0.9799,0.06443106958008138
6,0.98901665,0.0325351656455566,0.9792,0.06741184337386875
7,0.9909,0.026869225228284874,0.9817,0.06822391884975296
