epoch,accuracy,loss,val_accuracy,val_loss
0,0.93475,0.21931396594742933,0.9697,0.10012803258150815
1,0.97025,0.09617639131719867,0.974,0.08578590087285265
2,0.97828335,0.06813096317766855,0.9789,0.0670690476040123
3,0.98268336,0.05310817637805206,0.9802,0.061142247134901115
4,0.98621666,0.042876750567842584,0.9778,0.07321188232115819
