epoch,accuracy,loss,val_accuracy,val_loss
0,0.9354333,0.217485354667902,0.9645,0.11400078691802919
1,0.97085,0.09680797637862464,0.9764,0.07518552934294566
2,0.9778,0.0701031056418394,0.9737,0.0763334243206773
3,0.9834333,0.05326485294594119,0.9798,0.06605216811485588
