epoch,accuracy,loss,val_accuracy,val_loss
0,0.93593335,0.21822404750784238,0.9682,0.1049143328718841
1,0.97101665,0.09594793965431551,0.9764,0.07656039302386343
2,0.9791667,0.0678410063036407,0.9768,0.07232471452571917
3,0.9827,0.05358648412094141,0.9784,0.07348262019195827
4,0.98641664,0.042215370658024526,0.98,0.06833546431993599
5,0.9878167,0.0363218715677814,0.9791,0.07237252187357517
6,0.98913336,0.03196709902827376,0.9789,0.07467573346445279
