epoch,accuracy,loss,val_accuracy,val_loss
0,0.9346833,0.22254003401050965,0.9667,0.10365474603623152
1,0.97066665,0.09622639088338862,0.9776,0.07207419508118182
2,0.9791333,0.06634768581883982,0.9755,0.07844442011322826
3,0.98251665,0.05444876017027224,0.9805,0.06397690104087815
4,0.98635,0.041802485624576606,0.9811,0.06499620259685908
