epoch,accuracy,loss,val_accuracy,val_loss
0,0.9357167,0.2169831295222044,0.9702,0.10199089867081493
1,0.97033334,0.09613127827011049,0.9705,0.0899500207374338
2,0.97781664,0.07061566797395548,0.9763,0.07229930137107149
3,0.98253334,0.053025974549570434,0.9735,0.0802390429972671
4,0.98543334,0.045415607467045385,0.9795,0.07020469277582597
5,0.98843336,0.03581173368310168,0.9813,0.0637361951814033
