epoch,accuracy,loss,val_accuracy,val_loss
0,0.93546665,0.21984182365636032,0.9622,0.11728181493282318
1,0.9708833,0.09538504353115956,0.9753,0.08316613659188152
2,0.97751665,0.06956384784951807,0.9727,0.09037338962517678
3,0.98303336,0.05350293195756773,0.9806,0.06512397192583885
4,0.98605,0.04319960850244388,0.9797,0.06784298493789975
5,0.98838335,0.034529107938613746,0.9808,0.06871909485852229
6,0.9896333,0.03147459741817632,0.9818,0.07067256461842916
7,0.9906667,0.027439704347174847,0.9795,0.07827188438311568
