epoch,accuracy,loss,val_accuracy,val_loss
0,0.9357167,0.21942925466423233,0.965,0.10684767722859978
1,0.97045,0.09546846746125569,0.9764,0.07714179365560413
2,0.97783333,0.0695474776337544,0.9752,0.08003240080820397
3,0.98275,0.05269590317585195,0.9809,0.06423128543961794
4,0.98583335,0.043664535082131625,0.9803,0.06195131346244598
