epoch,accuracy,loss,val_accuracy,val_loss
0,0.9345667,0.21990468482474487,0.9639,0.1188188342474401
1,0.97008336,0.09719252230897546,0.9753,0.08206694716513156
2,0.9779,0.06942064710333944,0.9762,0.07309184021963738
3,0.98268336,0.052942883497724934,0.9782,0.07047034916260746
4,0.98595,0.043136170602799395,0.9814,0.06233667442173464
5,0.9881167,0.03677308300751417,0.9809,0.0652658212452603
6,0.98935,0.03228711615937063,0.9808,0.06724267712954897
7,0.99076664,0.027167174411413725,0.9794,0.07530530291842588
