epoch,accuracy,loss,val_accuracy,val_loss
0,0.9371667,0.21649752308279277,0.9678,0.1070363069102168
1,0.96868336,0.09893251250075798,0.9727,0.08814861781962681
2,0.9776833,0.06885107142304381,0.9761,0.07680593076483347
3,0.98195,0.05455747146466747,0.9807,0.06597288621788612
4,0.9852833,0.04501023469573508,0.9808,0.06525683427631157
