{"accuracy": 0.9884333610534668, "loss": 0.03581173368310168, "time_real": 36.73843765258789, "time_process": 56.690457212}