{"accuracy": 0.989133358001709, "loss": 0.03196709902827376, "time_real": 38.80491805076599, "time_process": 58.414957198}