{"accuracy": 0.9908999800682068, "loss": 0.026869225228284874, "time_real": 52.169172525405884, "time_process": 80.025563315}