{"accuracy": 0.9912499785423279, "loss": 0.02562437391803687, "time_real": 61.857316970825195, "time_process": 94.53406783000001}