{"accuracy": 0.9892666935920715, "loss": 0.03317181468223959, "time_real": 42.407652378082275, "time_process": 62.338128888}