{"accuracy": 0.9907666444778442, "loss": 0.027167174411413725, "time_real": 44.055203676223755, "time_process": 143.558335}