{"accuracy": 0.9852833151817322, "loss": 0.04501023469573508, "time_real": 27.343230724334717, "time_process": 41.150119798}