{"accuracy": 0.98621666431427, "loss": 0.042876750567842584, "time_real": 24.8884334564209, "time_process": 37.891708851}