{"accuracy": 0.9834333062171936, "loss": 0.05326485294594119, "time_real": 23.29065990447998, "time_process": 35.967832997}